SKU,Category,Sub-Category,Product Name,Est. Wholesale (INR),Est. Retail (INR),Reference Link
AMP-BRD-001,Heavy Audio,Amplifier Boards,"TPA3116D2 Stereo Class D Board (120W)",â‚ą250 - â‚ą350,â‚ą450 - â‚ą800,https://dir.indiamart.com/search.mp?ss=tpa3116d2+amplifier+board
AMP-BRD-002,Heavy Audio,Amplifier Boards,"Class D Mono Subwoofer Board",â‚ą180 - â‚ą250,â‚ą300 - â‚ą450,https://dir.indiamart.com/search.mp?ss=class+d+mono+subwoofer+board
AMP-BRD-003,Heavy Audio,Amplifier Boards,"2.1 Channel Class D Board (e.g., TB21)",â‚ą600 - â‚ą800,â‚ą950 - â‚ą1,200,https://dir.indiamart.com/search.mp?ss=tb21+amplifier+board
AMP-BRD-004,Heavy Audio,Mic Boards,"PT2399 Echo / Delay Mic Board",â‚ą80 - â‚ą120,â‚ą150 - â‚ą250,https://dir.indiamart.com/search.mp?ss=pt2399+mic+board
CMP-SEM-011,Heavy Audio,Transistors,"TTC5200 / TTA1943 Transistors (Pairs)",â‚ą100 - â‚ą140,â‚ą200 - â‚ą250,https://dir.indiamart.com/search.mp?ss=ttc5200+tta1943+pair
AMP-BRD-005,Heavy Audio,Pre-Amps,"4558 Pre-amp / Buffer Kit",â‚ą35 - â‚ą50,â‚ą70 - â‚ą120,https://dir.indiamart.com/search.mp?ss=4558+preamp+board
SPK-GRD-001,Audio Hardware,Grills,"6"" to 12"" Metal/PVC Speaker Grills",â‚ą25 - â‚ą50,â‚ą60 - â‚ą120,https://dir.indiamart.com/search.mp?ss=metal+speaker+grill
HDW-CAB-010,Audio Hardware,Cabinets,"Bare Amplifier Metal Cabinets",â‚ą100 - â‚ą150,â‚ą200 - â‚ą300,https://dir.indiamart.com/search.mp?ss=empty+amplifier+cabinet
SPK-WOF-001,Audio Hardware,Speakers,"6"" to 8"" 50W-100W Woofers",â‚ą160 - â‚ą250,â‚ą300 - â‚ą450,https://dir.indiamart.com/search.mp?ss=8+inch+woofer+50w
SPK-TWT-001,Audio Hardware,Speakers,"Piezo / Dome Tweeters",â‚ą50 - â‚ą70,â‚ą100 - â‚ą150,https://dir.indiamart.com/search.mp?ss=piezo+tweeter
SPK-NWK-001,Audio Hardware,Crossovers,"2-Way Speaker Crossover Network",â‚ą90 - â‚ą130,â‚ą180 - â‚ą250,https://dir.indiamart.com/search.mp?ss=2+way+speaker+crossover
INT-PNL-001,Interface & Control,Panels,"Bluetooth/USB/FM Panel with Remote",â‚ą80 - â‚ą120,â‚ą160 - â‚ą250,https://dir.indiamart.com/search.mp?ss=bluetooth+usb+panel
INT-POT-001,Interface & Control,Potentiometers,"10K, 47K, 100K Dual Potentiometers",â‚ą5 - â‚ą8,â‚ą15 - â‚ą25,https://dir.indiamart.com/search.mp?ss=dual+potentiometer+100k
INT-KNB-001,Interface & Control,Knobs,"Assorted Plastic Amplifier Knobs",â‚ą2 - â‚ą4,â‚ą10 - â‚ą15,https://dir.indiamart.com/search.mp?ss=plastic+amplifier+knobs
INT-SWT-001,Interface & Control,Switches,"Heavy Duty Toggle / Rocker Switches",â‚ą8 - â‚ą15,â‚ą20 - â‚ą35,https://dir.indiamart.com/search.mp?ss=heavy+duty+rocker+switch
PWR-CNV-001,Power Management,Converters,"DC-to-DC 600W Boost/Buck Converter",â‚ą300 - â‚ą400,â‚ą500 - â‚ą650,https://dir.indiamart.com/search.mp?ss=600w+boost+converter
PWR-CNV-002,Power Management,Converters,"LM2596 DC-DC Buck Converter Module",â‚ą30 - â‚ą45,â‚ą65 - â‚ą100,https://dir.indiamart.com/search.mp?ss=lm2596+module
CMP-SEM-012,Power Management,Regulators,"7805, 7812 Voltage Regulator ICs",â‚ą5 - â‚ą8,â‚ą15 - â‚ą20,https://dir.indiamart.com/search.mp?ss=7805+voltage+regulator
PWR-SOL-001,Power Management,Solar,"12V / 24V 10A PWM Solar Controller",â‚ą250 - â‚ą350,â‚ą450 - â‚ą600,https://dir.indiamart.com/search.mp?ss=10a+pwm+solar+charge+controller
PWR-INV-001,Power Management,Inverters,"500W / 1000W 12V to 220V Inverter Kit",â‚ą400 - â‚ą800,"â‚ą800 - â‚ą1,400",https://dir.indiamart.com/search.mp?ss=1000w+inverter+board
BAT-MOD-001,Batteries & Power,Modules,"TP4056 Type-C Li-ion Charging Module",â‚ą10 - â‚ą14,â‚ą25 - â‚ą40,https://dir.indiamart.com/search.mp?ss=tp4056+type+c
BAT-CEL-001,Batteries & Power,Cells,"18650 Li-ion Battery Cells (2000mAh+)",â‚ą60 - â‚ą100,â‚ą120 - â‚ą200,https://dir.indiamart.com/search.mp?ss=18650+battery+cell+2000mah
BAT-BMS-001,Batteries & Power,BMS,"3S / 4S 40A BMS (Battery Mgmt)",â‚ą70 - â‚ą120,â‚ą150 - â‚ą250,https://dir.indiamart.com/search.mp?ss=3s+40a+bms
TOL-SOL-004,Tools & Consumables,Soldering,"25W / 65W Soldering Irons (Good Quality)",â‚ą80 - â‚ą150,â‚ą150 - â‚ą250,https://dir.indiamart.com/search.mp?ss=25w+soldering+iron
TOL-SOL-005,Tools & Consumables,Soldering,"60/40 Solder Wire Reels (50g/100g)",â‚ą70 - â‚ą150,â‚ą120 - â‚ą250,https://dir.indiamart.com/search.mp?ss=solder+wire+60/40
TOL-SOL-006,Tools & Consumables,Soldering,"Soldering Flux Paste (Quickfix etc.)",â‚ą10 - â‚ą15,â‚ą25 - â‚ą40,https://dir.indiamart.com/search.mp?ss=soldering+flux+paste
TOL-GEN-006,Tools & Consumables,Testing,"DT830B Digital Multimeter (Basic)",â‚ą110 - â‚ą130,â‚ą200 - â‚ą250,https://dir.indiamart.com/search.mp?ss=dt830b+multimeter
TOL-SOL-007,Tools & Consumables,Soldering,"Desoldering Pump (Sucker)",â‚ą40 - â‚ą60,â‚ą80 - â‚ą120,https://dir.indiamart.com/search.mp?ss=desoldering+pump
CBL-SAF-001,Cables & Safety,Fuses,"Blade Fuses & Inline Fuse Holders",â‚ą15 - â‚ą25,â‚ą40 - â‚ą60,https://dir.indiamart.com/search.mp?ss=inline+blade+fuse+holder
CBL-SAF-002,Cables & Safety,Fans,"12V DC Cooling Fans (2-inch/3-inch)",â‚ą30 - â‚ą50,â‚ą70 - â‚ą100,https://dir.indiamart.com/search.mp?ss=12v+dc+cooling+fan+3+inch
CBL-SAF-003,Cables & Safety,Tubing,"Heat Shrink Tubing Rolls (Assorted)",â‚ą80 - â‚ą120 / roll,â‚ą200 - â‚ą250 / roll,https://dir.indiamart.com/search.mp?ss=heat+shrink+tube+roll
CON-PWR-006,Cables & Safety,Connectors,"XT60 Connectors (Pairs)",â‚ą20 - â‚ą30,â‚ą50 - â‚ą80,https://dir.indiamart.com/search.mp?ss=xt60+connector+pair
CON-PWR-007,Cables & Safety,Connectors,"DC Barrel Jacks (Male & Female)",â‚ą3 - â‚ą5,â‚ą10 - â‚ą15,https://dir.indiamart.com/search.mp?ss=dc+barrel+jack+male+female
LGT-AUT-001,Automotive Lighting,LEDs,"WS2811 Pixel LED Strings (50 nodes)",â‚ą180 - â‚ą220,â‚ą300 - â‚ą450,https://dir.indiamart.com/search.mp?ss=ws2811+pixel+led+string
LGT-AUT-002,Automotive Lighting,Relays,"12V/24V Flasher Relays",â‚ą40 - â‚ą60,â‚ą80 - â‚ą120,https://dir.indiamart.com/search.mp?ss=12v+flasher+relay
STU-BRD-004,Student / IoT,Boards,"Arduino Uno R3 Clone + Cable",â‚ą280 - â‚ą350,â‚ą450 - â‚ą600,https://dir.indiamart.com/search.mp?ss=arduino+uno+r3+smd
STU-BRD-005,Student / IoT,Boards,"ESP32 WiFi/Bluetooth Board",â‚ą200 - â‚ą250,â‚ą350 - â‚ą450,https://dir.indiamart.com/search.mp?ss=esp32+development+board
STU-PRT-005,Student / IoT,Wires,"Male-to-Male/Female Jumper Wires",â‚ą35 - â‚ą45 / bunch,â‚ą70 - â‚ą100 / bunch,https://dir.indiamart.com/search.mp?ss=jumper+wires+dupont
STU-SNR-006,Student / IoT,Relays,"5V 1-Channel / 2-Channel Relays",â‚ą25 - â‚ą45,â‚ą50 - â‚ą90,https://dir.indiamart.com/search.mp?ss=5v+relay+module
SPK-RAW-001,Speakers & Audio,Raw Materials,"12"" Speaker Paper Cone (Rubber Edge)",â‚ą40 - â‚ą60,â‚ą100 - â‚ą150,https://dir.indiamart.com/search.mp?ss=speaker+paper+cone
SPK-RAW-001,Speakers & Audio,Raw Materials,"12"" Speaker Paper Cone (Rubber Edge)",â‚ą40 - â‚ą60,â‚ą100 - â‚ą150,https://dir.indiamart.com/search.mp?ss=speaker+paper+cone
SPK-RAW-002,Speakers & Audio,Raw Materials,"25.4mm (1"") Copper Voice Coil",â‚ą15 - â‚ą25,â‚ą40 - â‚ą60,https://dir.indiamart.com/search.mp?ss=speaker+voice+coil
SPK-RAW-003,Speakers & Audio,Raw Materials,"Speaker Spider (Damper) 120mm",â‚ą8 - â‚ą12,â‚ą20 - â‚ą30,https://dir.indiamart.com/search.mp?ss=speaker+spider
SPK-RAW-004,Speakers & Audio,Raw Materials,"4-Pole Push Release Speaker Terminal",â‚ą4 - â‚ą7,â‚ą15 - â‚ą25,https://robu.in/product/4-way-spring-push-release-connector-audio-speaker-terminal/
SPK-RAW-005,Speakers & Audio,Raw Materials,"Silver Dust Cap (Dome) 50mm",â‚ą5 - â‚ą8,â‚ą15 - â‚ą20,https://dir.indiamart.com/search.mp?ss=speaker+dust+cap
SPK-RAW-006,Speakers & Audio,Raw Materials,"Y30 Ferrite Magnet Ring (90x15mm)",â‚ą35 - â‚ą50,â‚ą80 - â‚ą120,https://dir.indiamart.com/search.mp?ss=ferrite+ring+magnet+speaker
RMT-UNV-001,Remote Controls,Universal,"Universal LCD/LED TV Remote (RM-L1195)",â‚ą60 - â‚ą80,â‚ą150 - â‚ą200,https://dir.indiamart.com/search.mp?ss=universal+tv+remote+RM
RMT-UNV-002,Remote Controls,Universal,"Universal AC Remote (Chunghop)",â‚ą70 - â‚ą90,â‚ą180 - â‚ą250,https://dir.indiamart.com/search.mp?ss=universal+ac+remote
RMT-BRN-001,Remote Controls,Brand Specific,"Samsung Smart TV Replacement Remote",â‚ą80 - â‚ą110,â‚ą200 - â‚ą300,https://dir.indiamart.com/search.mp?ss=samsung+tv+remote+wholesale
RMT-BRN-002,Remote Controls,Brand Specific,"LG Magic Remote (Non-Voice Clone)",â‚ą120 - â‚ą160,â‚ą250 - â‚ą350,https://dir.indiamart.com/search.mp?ss=lg+tv+remote+wholesale
RMT-AUD-001,Remote Controls,Audio Systems,"Mini IR Remote for Bluetooth Modules",â‚ą10 - â‚ą15,â‚ą30 - â‚ą50,https://robu.in/product/ir-remote-control-for-mp3-decoding-board/
TVP-MBD-001,LCD/LED TV Parts,Motherboards,"T.SK317.03 Universal TV Motherboard",â‚ą450 - â‚ą550,â‚ą800 - â‚ą1200,https://dir.indiamart.com/search.mp?ss=universal+tv+motherboard+sk317
TVP-MBD-002,LCD/LED TV Parts,Motherboards,"V56 Universal LCD Controller Board",â‚ą350 - â‚ą450,â‚ą700 - â‚ą900,https://dir.indiamart.com/search.mp?ss=v56+universal+board
TVP-LED-001,LCD/LED TV Parts,Backlight,"3V SMD LED Bead Strip (32"" TV, 6 LEDs)",â‚ą35 - â‚ą50,â‚ą100 - â‚ą150,https://dir.indiamart.com/search.mp?ss=32+inch+led+tv+backlight+strip
TVP-LED-002,LCD/LED TV Parts,Backlight,"6V SMD LED Bead Strip (Universal)",â‚ą40 - â‚ą60,â‚ą120 - â‚ą180,https://dir.indiamart.com/search.mp?ss=6v+led+tv+backlight+strip
TVP-PWR-001,LCD/LED TV Parts,Power Supply,"Universal TV Power Supply Module (CA-888)",â‚ą60 - â‚ą80,â‚ą150 - â‚ą200,https://dir.indiamart.com/search.mp?ss=ca-888+power+module
TVP-CON-001,LCD/LED TV Parts,Cables,"LVDS Cable (30 Pin, 8 Bit)",â‚ą25 - â‚ą40,â‚ą80 - â‚ą120,https://dir.indiamart.com/search.mp?ss=lvds+cable+30+pin
CBL-VID-001,Cables & Converters,Video,"HDMI Cable V2.0 (1.5 Meter, Braided)",â‚ą45 - â‚ą65,â‚ą150 - â‚ą250,https://dir.indiamart.com/search.mp?ss=hdmi+cable+1.5m+wholesale
CBL-VID-002,Cables & Converters,Video,"HDMI Cable V2.0 (3.0 Meter)",â‚ą70 - â‚ą90,â‚ą200 - â‚ą350,https://dir.indiamart.com/search.mp?ss=hdmi+cable+3m+wholesale
CBL-VID-003,Cables & Converters,Video,"3 RCA to 3 RCA AV Cable (1.5 Meter)",â‚ą20 - â‚ą30,â‚ą60 - â‚ą100,https://dir.indiamart.com/search.mp?ss=3+rca+cable+wholesale
CBL-AUD-001,Cables & Converters,Audio,"1 Aux (3.5mm) to 2 RCA Audio Cable",â‚ą15 - â‚ą25,â‚ą50 - â‚ą90,https://dir.indiamart.com/search.mp?ss=aux+to+2+rca+cable
CBL-AUD-002,Cables & Converters,Audio,"Optical Audio Cable (TOSLINK, 1.5m)",â‚ą40 - â‚ą60,â‚ą120 - â‚ą200,https://dir.indiamart.com/search.mp?ss=optical+audio+cable
CNV-VID-001,Cables & Converters,Converters,"HDMI to VGA Adapter (With Audio)",â‚ą110 - â‚ą140,â‚ą250 - â‚ą350,https://dir.indiamart.com/search.mp?ss=hdmi+to+vga+converter
CNV-VID-002,Cables & Converters,Converters,"VGA to HDMI Converter Box",â‚ą180 - â‚ą220,â‚ą350 - â‚ą500,https://dir.indiamart.com/search.mp?ss=vga+to+hdmi+converter
CNV-PWR-001,Cables & Converters,Converters,"USB 5V to 12V DC Step-Up Router Cable",â‚ą45 - â‚ą65,â‚ą120 - â‚ą200,https://robu.in/product/usb-5v-to-12v-dc-dc-step-up-converter-cable/
STU-BRD-001,EC/EE Student,Microcontrollers,"Arduino Uno R3 (CH340 Clone) + Cable",â‚ą260 - â‚ą300,â‚ą450 - â‚ą550,https://robu.in/product/arduino-uno-r3-ch340g-atmega328p-devlopment-board/
STU-BRD-002,EC/EE Student,Microcontrollers,"Arduino Nano V3.0 (CH340)",â‚ą140 - â‚ą180,â‚ą250 - â‚ą350,https://robu.in/product/arduino-nano-v3-0-ch340g-chip-soldered/
STU-BRD-003,EC/EE Student,Microcontrollers,"Raspberry Pi Pico (RP2040)",â‚ą320 - â‚ą360,â‚ą450 - â‚ą500,https://robu.in/product/raspberry-pi-pico/
STU-SNR-001,EC/EE Student,Sensors,"HC-SR04 Ultrasonic Distance Sensor",â‚ą40 - â‚ą55,â‚ą90 - â‚ą120,https://robu.in/product/hc-sr04-ultrasonic-range-finder/
STU-SNR-002,EC/EE Student,Sensors,"IR Obstacle Avoidance Sensor Module",â‚ą15 - â‚ą20,â‚ą40 - â‚ą60,https://robu.in/product/ir-infrared-obstacle-avoidance-sensor-module/
STU-SNR-003,EC/EE Student,Sensors,"HC-SR501 PIR Motion Sensor",â‚ą45 - â‚ą60,â‚ą100 - â‚ą150,https://robu.in/product/hc-sr501-pir-motion-sensor-module/
STU-SNR-004,EC/EE Student,Sensors,"DHT11 Temperature & Humidity Sensor",â‚ą60 - â‚ą75,â‚ą120 - â‚ą160,https://robu.in/product/dht11-temperature-and-humidity-sensor-module/
STU-SNR-005,EC/EE Student,Sensors,"MQ-3 Alcohol Gas Sensor Module",â‚ą70 - â‚ą90,â‚ą140 - â‚ą180,https://robu.in/product/mq-3-alcohol-gas-sensor-module/
STU-MTR-001,EC/EE Student,Motors & Drives,"BO Motor (Dual Shaft, 150 RPM)",â‚ą25 - â‚ą35,â‚ą60 - â‚ą80,https://robu.in/product/bo-motor-straight-type-150-rpm/
STU-MTR-002,EC/EE Student,Motors & Drives,"L298N Dual Motor Driver Module",â‚ą80 - â‚ą100,â‚ą150 - â‚ą200,https://robu.in/product/l298n-dual-h-bridge-motor-driver-module/
STU-MTR-003,EC/EE Student,Motors & Drives,"SG90 Micro Servo Motor (9g)",â‚ą65 - â‚ą85,â‚ą120 - â‚ą160,https://robu.in/product/towerpro-sg90-9g-micro-servo-motor/
STU-PRT-001,EC/EE Student,Prototyping,"Breadboard (830 Tie Points)",â‚ą50 - â‚ą70,â‚ą100 - â‚ą150,https://robu.in/product/830-points-solderless-breadboard/
STU-PRT-002,EC/EE Student,Prototyping,"Jumper Wires M-M (40pcs, 20cm)",â‚ą35 - â‚ą45,â‚ą70 - â‚ą100,https://robu.in/product/40pcs-20cm-male-to-male-jumper-cable-dupont-wire/
STU-PRT-003,EC/EE Student,Prototyping,"Jumper Wires M-F (40pcs, 20cm)",â‚ą35 - â‚ą45,â‚ą70 - â‚ą100,https://robu.in/product/40pcs-20cm-male-to-female-jumper-cable-dupont-wire/
STU-PRT-004,EC/EE Student,Prototyping,"Zero PCB / General Purpose Board (4x6)",â‚ą8 - â‚ą12,â‚ą20 - â‚ą30,https://dir.indiamart.com/search.mp?ss=zero+pcb+board
STU-PAS-001,EC/EE Student,Passives,"1/4W Resistor Assorted Box (1000 pcs)",â‚ą120 - â‚ą160,â‚ą250 - â‚ą350,https://robu.in/product/14w-resistor-assortment-kit/
STU-PAS-002,EC/EE Student,Passives,"Ceramic Capacitor Assorted Box (300 pcs)",â‚ą100 - â‚ą140,â‚ą200 - â‚ą300,https://robu.in/product/ceramic-capacitor-assortment-kit/
STU-ICS-001,EC/EE Student,ICs,"NE555 Timer IC (DIP-8)",â‚ą2 - â‚ą4,â‚ą10 - â‚ą15,https://robu.in/product/ne555-timer-ic-dip-8/
STU-ICS-002,EC/EE Student,ICs,"LM358 Dual Op-Amp IC",â‚ą3 - â‚ą5,â‚ą10 - â‚ą15,https://robu.in/product/lm358p-dual-operational-amplifier/
STU-ICS-003,EC/EE Student,ICs,"74LS08 Quad 2-Input AND Gate IC",â‚ą8 - â‚ą12,â‚ą20 - â‚ą30,https://robu.in/product/74ls08-quad-2-input-and-gate-ic/
STU-DSP-001,EC/EE Student,Displays,"16x2 LCD Display (Blue/Green Backlight)",â‚ą80 - â‚ą110,â‚ą150 - â‚ą200,https://robu.in/product/16x2-character-lcd-display/
STU-DSP-002,EC/EE Student,Displays,"I2C Serial Interface Module for 16x2 LCD",â‚ą30 - â‚ą45,â‚ą70 - â‚ą100,https://robu.in/product/iic-i2c-logic-level-converter-bi-directional-module/
STU-DSP-003,EC/EE Student,Displays,"0.96 inch OLED Display Module (I2C)",â‚ą120 - â‚ą150,â‚ą220 - â‚ą300,https://robu.in/product/0-96-inch-i2c-iic-oled-display-module-blue/
CMP-RES-001,Passives,1/4W Resistors,"10 Ohm (10R) 1/4W CF Resistor (Pack of 100)",â‚ą15 - â‚ą20,â‚ą40 - â‚ą50,https://dir.indiamart.com/search.mp?ss=10+ohm+resistor+1/4w
CMP-RES-002,Passives,1/4W Resistors,"47 Ohm (47R) 1/4W CF Resistor (Pack of 100)",â‚ą15 - â‚ą20,â‚ą40 - â‚ą50,https://dir.indiamart.com/search.mp?ss=47+ohm+resistor+1/4w
CMP-RES-003,Passives,1/4W Resistors,"100 Ohm (100R) 1/4W CF Resistor (Pack of 100)",â‚ą15 - â‚ą20,â‚ą40 - â‚ą50,https://dir.indiamart.com/search.mp?ss=100+ohm+resistor+1/4w
CMP-RES-004,Passives,1/4W Resistors,"1K Ohm 1/4W CF Resistor (Pack of 100)",â‚ą15 - â‚ą20,â‚ą40 - â‚ą50,https://dir.indiamart.com/search.mp?ss=1k+ohm+resistor
CMP-RES-005,Passives,1/4W Resistors,"4.7K Ohm 1/4W CF Resistor (Pack of 100)",â‚ą15 - â‚ą20,â‚ą40 - â‚ą50,https://dir.indiamart.com/search.mp?ss=4.7k+ohm+resistor
CMP-RES-006,Passives,1/4W Resistors,"10K Ohm 1/4W CF Resistor (Pack of 100)",â‚ą15 - â‚ą20,â‚ą40 - â‚ą50,https://dir.indiamart.com/search.mp?ss=10k+ohm+resistor
CMP-RES-007,Passives,2W Power Resistors,"0.22 Ohm 2W Wirewound Resistor (Pack of 50)",â‚ą40 - â‚ą60,â‚ą100 - â‚ą120,https://dir.indiamart.com/search.mp?ss=0.22+ohm+2w+resistor
CMP-RES-008,Passives,5W Power Resistors,"0.47 Ohm 5W Ceramic Resistor (Pack of 10)",â‚ą30 - â‚ą40,â‚ą80 - â‚ą100,https://dir.indiamart.com/search.mp?ss=0.47+ohm+5w+resistor
CMP-CAP-001,Passives,Electrolytic Caps,"1000uF 25V Electrolytic Capacitor (Pack of 20)",â‚ą40 - â‚ą60,â‚ą100 - â‚ą120,https://dir.indiamart.com/search.mp?ss=1000uf+25v+capacitor
CMP-CAP-002,Passives,Electrolytic Caps,"2200uF 25V Electrolytic Capacitor (Pack of 20)",â‚ą60 - â‚ą80,â‚ą120 - â‚ą160,https://dir.indiamart.com/search.mp?ss=2200uf+25v+capacitor
CMP-CAP-003,Passives,Electrolytic Caps,"4700uF 50V Heavy Duty Cap (Audio Power) (1 pc)",â‚ą25 - â‚ą35,â‚ą60 - â‚ą80,https://dir.indiamart.com/search.mp?ss=4700uf+50v+capacitor
CMP-CAP-004,Passives,Electrolytic Caps,"10000uF 63V Heavy Duty Cap (DJ Amps) (1 pc)",â‚ą80 - â‚ą110,â‚ą180 - â‚ą250,https://dir.indiamart.com/search.mp?ss=10000uf+63v+capacitor
CMP-CAP-005,Passives,Polyester/Ceramic,"104 (0.1uF) 100V Polyester Film Cap (Pack of 50)",â‚ą40 - â‚ą50,â‚ą100 - â‚ą120,https://dir.indiamart.com/search.mp?ss=104+polyester+capacitor
CMP-CAP-006,Passives,Polyester/Ceramic,"105 (1uF) 400V CBB Capacitor (Pack of 20)",â‚ą35 - â‚ą50,â‚ą80 - â‚ą100,https://dir.indiamart.com/search.mp?ss=105+400v+capacitor
CMP-SEM-001,Semiconductors,Transistors,"BC547 NPN General Purpose (Pack of 100)",â‚ą40 - â‚ą60,â‚ą100 - â‚ą120,https://dir.indiamart.com/search.mp?ss=bc547+transistor+wholesale
CMP-SEM-002,Semiconductors,Transistors,"BC557 PNP General Purpose (Pack of 100)",â‚ą40 - â‚ą60,â‚ą100 - â‚ą120,https://dir.indiamart.com/search.mp?ss=bc557+transistor
CMP-SEM-003,Semiconductors,Transistors,"TIP31C NPN Power Transistor (Pack of 10)",â‚ą60 - â‚ą80,â‚ą120 - â‚ą150,https://dir.indiamart.com/search.mp?ss=tip31c+transistor
CMP-SEM-004,Semiconductors,Transistors,"TIP32C PNP Power Transistor (Pack of 10)",â‚ą60 - â‚ą80,â‚ą120 - â‚ą150,https://dir.indiamart.com/search.mp?ss=tip32c+transistor
CMP-SEM-005,Semiconductors,MOSFETs,"IRFZ44N N-Channel Power MOSFET (Pack of 10)",â‚ą120 - â‚ą150,â‚ą250 - â‚ą300,https://dir.indiamart.com/search.mp?ss=irfz44n+mosfet
CMP-SEM-006,Semiconductors,Audio ICs,"TDA2030A Audio Amplifier IC (Pack of 10)",â‚ą60 - â‚ą80,â‚ą150 - â‚ą200,https://dir.indiamart.com/search.mp?ss=tda2030+ic
CMP-SEM-007,Semiconductors,Audio ICs,"TDA2050 Audio Amplifier IC (Pack of 10)",â‚ą90 - â‚ą120,â‚ą200 - â‚ą250,https://dir.indiamart.com/search.mp?ss=tda2050+ic
CMP-SEM-008,Semiconductors,Audio ICs,"4558D Dual Op-Amp IC (Pack of 20)",â‚ą40 - â‚ą60,â‚ą100 - â‚ą140,https://dir.indiamart.com/search.mp?ss=4558+ic
CMP-SEM-009,Semiconductors,Power ICs,"7805 5V Voltage Regulator (Pack of 20)",â‚ą80 - â‚ą110,â‚ą200 - â‚ą250,https://dir.indiamart.com/search.mp?ss=7805+voltage+regulator
CMP-SEM-010,Semiconductors,Power ICs,"7812 12V Voltage Regulator (Pack of 20)",â‚ą90 - â‚ą120,â‚ą200 - â‚ą250,https://dir.indiamart.com/search.mp?ss=7812+voltage+regulator
TVP-BLS-001,TV Repair,Backlight Strips,"Samsung 32"" 5-LED Strip (3V/LED) - Set of 2",â‚ą80 - â‚ą110,â‚ą250 - â‚ą350,https://dir.indiamart.com/search.mp?ss=samsung+32+inch+led+tv+backlight
TVP-BLS-002,TV Repair,Backlight Strips,"LG 32"" 6-LED Strip (6V/LED) - Set of 3",â‚ą120 - â‚ą160,â‚ą350 - â‚ą450,https://dir.indiamart.com/search.mp?ss=lg+32+inch+led+tv+backlight
TVP-BLS-003,TV Repair,Backlight Strips,"MI 32"" 4-LED / 5-LED Smart TV Strip (Set)",â‚ą100 - â‚ą140,â‚ą300 - â‚ą400,https://dir.indiamart.com/search.mp?ss=mi+32+inch+tv+backlight
TVP-BLS-004,TV Repair,Backlight Strips,"Sony 43"" Universal LED Strip Replacement (Set)",â‚ą250 - â‚ą350,â‚ą600 - â‚ą800,https://dir.indiamart.com/search.mp?ss=sony+43+inch+tv+backlight
TVP-BLS-005,TV Repair,Backlight Strips,"Universal 32"" Cuttable LED Strip (Backlight Mod)",â‚ą60 - â‚ą90,â‚ą180 - â‚ą250,https://dir.indiamart.com/search.mp?ss=universal+32+inch+led+strip+cuttable
TVP-BRD-001,TV Repair,Motherboards,"VS.TP53U.61 Smart Android TV Board (Universal)","â‚ą1,100 - â‚ą1,300","â‚ą2,000 - â‚ą2,500",https://dir.indiamart.com/search.mp?ss=smart+android+tv+motherboard
TVP-BRD-002,TV Repair,Motherboards,"T.SK105A.03 Universal Non-Smart Board",â‚ą380 - â‚ą450,â‚ą750 - â‚ą900,https://dir.indiamart.com/search.mp?ss=universal+tv+motherboard
TVP-MOD-001,TV Repair,Modules,"Universal LED TV Backlight Inverter Board (10-42"")",â‚ą80 - â‚ą110,â‚ą180 - â‚ą250,https://dir.indiamart.com/search.mp?ss=universal+led+tv+backlight+inverter
TVP-MOD-002,TV Repair,Modules,"CA-515 Universal Step-Up Backlight Module",â‚ą50 - â‚ą70,â‚ą120 - â‚ą180,https://dir.indiamart.com/search.mp?ss=ca+515+module
TVP-MOD-003,TV Repair,Modules,"5-24V Universal Power Supply Module (CA-888)",â‚ą60 - â‚ą80,â‚ą150 - â‚ą200,https://dir.indiamart.com/search.mp?ss=ca+888+power+module
SPK-COI-001,Speaker Parts,Voice Coils,"25.4mm (1"") Copper Voice Coil",â‚ą15 - â‚ą25,â‚ą40 - â‚ą60,https://dir.indiamart.com/search.mp?ss=25.4mm+voice+coil
SPK-COI-002,Speaker Parts,Voice Coils,"38.5mm (1.5"") Copper Voice Coil",â‚ą25 - â‚ą35,â‚ą60 - â‚ą80,https://dir.indiamart.com/search.mp?ss=38.5mm+voice+coil
SPK-COI-003,Speaker Parts,Voice Coils,"51.3mm (2"") Heavy Duty Voice Coil (Subwoofer)",â‚ą40 - â‚ą60,â‚ą90 - â‚ą120,https://dir.indiamart.com/search.mp?ss=51.3mm+voice+coil
SPK-COI-004,Speaker Parts,Voice Coils,"75.5mm (3"") Voice Coil (DJ PA Speakers)",â‚ą80 - â‚ą110,â‚ą180 - â‚ą250,https://dir.indiamart.com/search.mp?ss=75.5mm+voice+coil
SPK-CON-001,Speaker Parts,Cones & Edges,"8"" Speaker Paper Cone (Foam Edge)",â‚ą25 - â‚ą35,â‚ą60 - â‚ą80,https://dir.indiamart.com/search.mp?ss=8+inch+speaker+cone+foam
SPK-CON-002,Speaker Parts,Cones & Edges,"10"" Speaker Paper Cone (Cloth Edge)",â‚ą35 - â‚ą50,â‚ą80 - â‚ą110,https://dir.indiamart.com/search.mp?ss=10+inch+speaker+cone+cloth
SPK-CON-003,Speaker Parts,Cones & Edges,"12"" Speaker Paper Cone (Cloth/Rubber Edge)",â‚ą45 - â‚ą65,â‚ą100 - â‚ą140,https://dir.indiamart.com/search.mp?ss=12+inch+speaker+cone
SPK-DAM-001,Speaker Parts,Dampers (Spiders),"100mm Speaker Damper/Spider",â‚ą8 - â‚ą12,â‚ą20 - â‚ą30,https://dir.indiamart.com/search.mp?ss=100mm+speaker+spider
SPK-DAM-002,Speaker Parts,Dampers (Spiders),"120mm Speaker Damper/Spider",â‚ą10 - â‚ą15,â‚ą25 - â‚ą40,https://dir.indiamart.com/search.mp?ss=120mm+speaker+spider
SPK-MAG-001,Speaker Parts,Ferrite Magnets,"Y30 Ferrite Magnet Ring (90x15mm)",â‚ą35 - â‚ą50,â‚ą80 - â‚ą120,https://dir.indiamart.com/search.mp?ss=ferrite+ring+magnet+90x15
SPK-MAG-002,Speaker Parts,Ferrite Magnets,"Y30 Ferrite Magnet Ring (120x20mm)",â‚ą70 - â‚ą90,â‚ą140 - â‚ą180,https://dir.indiamart.com/search.mp?ss=ferrite+ring+magnet+120x20
SPK-DST-001,Speaker Parts,Dust Caps,"40mm Paper Dust Cap (Pack of 50)",â‚ą30 - â‚ą50,â‚ą80 - â‚ą120,https://dir.indiamart.com/search.mp?ss=speaker+dust+cap+40mm
SPK-DST-002,Speaker Parts,Dust Caps,"50mm Silver Dome Dust Cap (Pack of 20)",â‚ą40 - â‚ą60,â‚ą100 - â‚ą150,https://dir.indiamart.com/search.mp?ss=silver+dome+dust+cap
CBL-WIR-001,Cables & Wire,Speaker Wire,"23/76 Twin Core Red/Black Wire (90m Roll)",â‚ą180 - â‚ą220,â‚ą350 - â‚ą450,https://dir.indiamart.com/search.mp?ss=23/76+speaker+wire+roll
CBL-WIR-002,Cables & Wire,Speaker Wire,"40/76 Heavy Duty Twin Core Wire (90m Roll)",â‚ą280 - â‚ą350,â‚ą500 - â‚ą650,https://dir.indiamart.com/search.mp?ss=40/76+speaker+wire
CBL-WIR-003,Cables & Wire,Speaker Wire,"14 AWG Transparent Oxygen Free Copper (100m)","â‚ą800 - â‚ą1100","â‚ą1800 - â‚ą2500",https://dir.indiamart.com/search.mp?ss=transparent+speaker+wire+14+awg
CBL-AUD-003,Cables & Wire,Audio Cables,"High Quality 3.5mm Aux Cable (1.5m, Braided)",â‚ą30 - â‚ą45,â‚ą80 - â‚ą150,https://dir.indiamart.com/search.mp?ss=braided+aux+cable
CBL-AUD-004,Cables & Wire,Audio Cables,"2 RCA to 2 RCA Heavy Audio Cable (1.5m)",â‚ą25 - â‚ą35,â‚ą60 - â‚ą100,https://dir.indiamart.com/search.mp?ss=2+rca+to+2+rca+cable
CBL-MIC-001,Cables & Wire,Mic Cables,"XLR Female to 6.3mm Jack Mic Cable (5m)",â‚ą120 - â‚ą150,â‚ą250 - â‚ą350,https://dir.indiamart.com/search.mp?ss=xlr+to+6.3mm+cable+5m
CON-AUD-001,Connectors,Audio Jacks,"RCA Male Plug (Gold Plated / Metal) (Pack of 10)",â‚ą60 - â‚ą80,â‚ą150 - â‚ą200,https://dir.indiamart.com/search.mp?ss=rca+male+plug+gold
CON-AUD-002,Connectors,Audio Jacks,"RCA Female Panel Mount Socket (Pack of 20)",â‚ą40 - â‚ą60,â‚ą100 - â‚ą150,https://dir.indiamart.com/search.mp?ss=rca+female+socket+panel
CON-AUD-003,Connectors,Audio Jacks,"6.3mm (1/4"") Mono Male Mic Plug (Heavy Duty)",â‚ą15 - â‚ą20,â‚ą40 - â‚ą60,https://dir.indiamart.com/search.mp?ss=6.3mm+mono+plug+heavy
CON-AUD-004,Connectors,DJ Connectors,"Speakon Male Connector (Blue/Black)",â‚ą25 - â‚ą35,â‚ą60 - â‚ą100,https://dir.indiamart.com/search.mp?ss=speakon+connector
CON-AUD-005,Connectors,DJ Connectors,"Speakon Female Panel Mount Socket",â‚ą15 - â‚ą25,â‚ą40 - â‚ą60,https://dir.indiamart.com/search.mp?ss=speakon+female+socket
CON-AUD-006,Connectors,Audio Jacks,"4-Pole Push Release Speaker Terminal (Square)",â‚ą8 - â‚ą12,â‚ą20 - â‚ą35,https://dir.indiamart.com/search.mp?ss=4+way+speaker+terminal
CON-PWR-001,Connectors,Power DC,"DC Barrel Jack Male 5.5x2.1mm (Pack of 10)",â‚ą20 - â‚ą30,â‚ą50 - â‚ą80,https://dir.indiamart.com/search.mp?ss=dc+male+jack+5.5
CON-PWR-002,Connectors,Power DC,"DC Barrel Socket Female Panel Mount (Pack of 10)",â‚ą20 - â‚ą30,â‚ą50 - â‚ą80,https://dir.indiamart.com/search.mp?ss=dc+female+socket+panel
CON-PWR-003,Connectors,Power AC,"3-Pin AC Power Socket (IEC C14 Panel Mount)",â‚ą10 - â‚ą15,â‚ą30 - â‚ą50,https://dir.indiamart.com/search.mp?ss=iec+c14+panel+socket
CON-PWR-004,Connectors,Heavy Duty,"XT60 Connectors (High Current, 1 Pair)",â‚ą20 - â‚ą30,â‚ą50 - â‚ą80,https://dir.indiamart.com/search.mp?ss=xt60+connector+pair
CON-PWR-005,Connectors,Heavy Duty,"Heavy Crocodile Clips (Red/Black Pair)",â‚ą15 - â‚ą25,â‚ą40 - â‚ą60,https://dir.indiamart.com/search.mp?ss=heavy+crocodile+clips
PWR-ADP-001,Power Supply,Plastic Adapters,"5V 2A DC Power Adapter (Wall Plug)",â‚ą40 - â‚ą60,â‚ą100 - â‚ą150,https://dir.indiamart.com/search.mp?ss=5v+2a+adapter
PWR-ADP-002,Power Supply,Plastic Adapters,"12V 2A DC Power Adapter (Wall Plug)",â‚ą60 - â‚ą80,â‚ą120 - â‚ą200,https://dir.indiamart.com/search.mp?ss=12v+2a+adapter
PWR-ADP-003,Power Supply,Plastic Adapters,"12V 5A DC Power Adapter (Desktop Brick)",â‚ą180 - â‚ą240,â‚ą350 - â‚ą450,https://dir.indiamart.com/search.mp?ss=12v+5a+adapter
PWR-SMP-001,Power Supply,Metal SMPS,"12V 10A Metal Body SMPS (For Amp Testing)",â‚ą300 - â‚ą380,â‚ą550 - â‚ą700,https://dir.indiamart.com/search.mp?ss=12v+10a+smps+metal
PWR-SMP-002,Power Supply,Metal SMPS,"12V 20A Metal Body SMPS (Heavy LED/Audio)",â‚ą450 - â‚ą550,â‚ą800 - â‚ą1000,https://dir.indiamart.com/search.mp?ss=12v+20a+smps+metal
PWR-SMP-003,Power Supply,Metal SMPS,"24V 10A Metal Body SMPS (Truck Audio / CNC)",â‚ą500 - â‚ą650,â‚ą900 - â‚ą1200,https://dir.indiamart.com/search.mp?ss=24v+10a+smps+metal
PWR-TRF-001,Power Supply,Transformers,"12-0-12 3 Amp Copper Transformer",â‚ą120 - â‚ą160,â‚ą250 - â‚ą350,https://dir.indiamart.com/search.mp?ss=12-0-12+3+amp+transformer+copper
PWR-TRF-002,Power Supply,Transformers,"24-0-24 5 Amp Copper Transformer (Audio Amps)",â‚ą350 - â‚ą450,â‚ą700 - â‚ą900,https://dir.indiamart.com/search.mp?ss=24-0-24+5+amp+transformer
HDW-CAB-001,Enclosure Hardware,Cabinet Protectors,"Plastic Cabinet Corners (Pack of 100)",â‚ą150 - â‚ą200,â‚ą300 - â‚ą400,https://dir.indiamart.com/search.mp?ss=plastic+speaker+cabinet+corners
HDW-CAB-002,Enclosure Hardware,Cabinet Protectors,"Metal Cabinet Corners (Pack of 100)",â‚ą300 - â‚ą400,â‚ą600 - â‚ą800,https://dir.indiamart.com/search.mp?ss=metal+speaker+cabinet+corners
HDW-CAB-003,Enclosure Hardware,Base & Mounts,"Rubber Feet for Amplifiers/Speakers (Pack of 100)",â‚ą100 - â‚ą150,â‚ą250 - â‚ą350,https://dir.indiamart.com/search.mp?ss=rubber+feet+for+amplifier
HDW-CAB-004,Enclosure Hardware,Acoustics,"Bass Reflex Tube / Air Port (2 Inch)",â‚ą10 - â‚ą15,â‚ą30 - â‚ą50,https://dir.indiamart.com/search.mp?ss=bass+reflex+tube+2+inch
HDW-CAB-005,Enclosure Hardware,Acoustics,"Bass Reflex Tube / Air Port (4 Inch)",â‚ą20 - â‚ą30,â‚ą50 - â‚ą80,https://dir.indiamart.com/search.mp?ss=bass+reflex+tube+4+inch
HDW-CAB-006,Enclosure Hardware,Handles,"Spring Loaded Metal Speaker Handle",â‚ą60 - â‚ą80,â‚ą120 - â‚ą180,https://dir.indiamart.com/search.mp?ss=spring+loaded+speaker+handle
HDW-CAB-007,Enclosure Hardware,Thermal,"Aluminum Heatsink (Assorted Medium, for Transistors)",â‚ą15 - â‚ą25,â‚ą40 - â‚ą60,https://dir.indiamart.com/search.mp?ss=aluminum+heatsink+amplifier
HDW-CAB-008,Enclosure Hardware,Thermal,"TO-220 / TO-3 Mica Insulator Pads (Pack of 100)",â‚ą30 - â‚ą50,â‚ą80 - â‚ą120,https://dir.indiamart.com/search.mp?ss=mica+insulator+pads
HDW-CAB-009,Enclosure Hardware,Mounting,"Nylon Hex Standoff Spacers (M3, Assorted Box)",â‚ą120 - â‚ą160,â‚ą250 - â‚ą350,https://robu.in/product/m3-nylon-hex-spacers-screw-nut-standoff-assortment-kit/
AUD-MOD-001,Audio Modules,Pre-Amps & Filters,"Bass Treble Volume Tone Control Board (Passive)",â‚ą35 - â‚ą50,â‚ą80 - â‚ą120,https://dir.indiamart.com/search.mp?ss=passive+tone+control+board
AUD-MOD-002,Audio Modules,Pre-Amps & Filters,"NE5532 Subwoofer Low Pass Filter (LPF) Board",â‚ą80 - â‚ą120,â‚ą180 - â‚ą250,https://dir.indiamart.com/search.mp?ss=ne5532+low+pass+filter
AUD-MOD-003,Audio Modules,Visualizers,"LED VU Meter Board (10 LED Audio Level Indicator)",â‚ą40 - â‚ą60,â‚ą100 - â‚ą150,https://dir.indiamart.com/search.mp?ss=led+vu+meter+board
AUD-MOD-004,Audio Modules,Players,"Bluetooth Panel with Mic Input & Recording (12V)",â‚ą120 - â‚ą160,â‚ą250 - â‚ą350,https://dir.indiamart.com/search.mp?ss=bluetooth+module+with+mic
AUD-MOD-005,Audio Modules,Mini Amps,"PAM8403 3W+3W Mini Audio Amp Board (Fast Mover)",â‚ą12 - â‚ą18,â‚ą30 - â‚ą50,https://robu.in/product/pam8403-5v-2-channel-audio-amplifier-board/
AUD-MOD-006,Audio Modules,Mini Amps,"PAM8610 10W+10W Class D Audio Amp Board",â‚ą35 - â‚ą50,â‚ą80 - â‚ą120,https://robu.in/product/pam8610-2x10w-class-d-audio-amplifier-board/
TOL-SOL-001,Tools & Consumables,Soldering,"Desoldering Wick / Braid (2.0mm, 1.5m Roll)",â‚ą25 - â‚ą40,â‚ą80 - â‚ą120,https://dir.indiamart.com/search.mp?ss=desoldering+wick+2mm
TOL-SOL-002,Tools & Consumables,Soldering,"Soldering Iron Bits (Pointed/Flat - Pack of 5)",â‚ą30 - â‚ą50,â‚ą80 - â‚ą100,https://dir.indiamart.com/search.mp?ss=soldering+iron+bits+25w
TOL-SOL-003,Tools & Consumables,Soldering,"Liquid Soldering Flux Bottle (50ml / 100ml)",â‚ą20 - â‚ą35,â‚ą60 - â‚ą80,https://dir.indiamart.com/search.mp?ss=liquid+soldering+flux
TOL-GEN-001,Tools & Consumables,Hand Tools,"Precision Wire Stripper & Cutter Plier",â‚ą60 - â‚ą90,â‚ą150 - â‚ą200,https://dir.indiamart.com/search.mp?ss=wire+stripper+cutter
TOL-GEN-002,Tools & Consumables,Hand Tools,"Precision Tweezers Set (ESD Safe, Pointed/Curved)",â‚ą40 - â‚ą70,â‚ą120 - â‚ą180,https://dir.indiamart.com/search.mp?ss=esd+tweezers+set
TOL-GEN-003,Tools & Consumables,Testing,"Multimeter Replacement Probes / Test Leads (Pair)",â‚ą25 - â‚ą40,â‚ą80 - â‚ą120,https://dir.indiamart.com/search.mp?ss=multimeter+probes
TOL-GEN-004,Tools & Consumables,Workshop,"Heat Shrink Tube Assortment Box (328 pcs)",â‚ą120 - â‚ą160,â‚ą250 - â‚ą350,https://robu.in/product/328-pcs-assorted-heat-shrink-tube-5-colors-8-sizes/
TOL-GEN-005,Tools & Consumables,Workshop,"Kapton Tape (High Temp Polyimide Tape - 10mm)",â‚ą30 - â‚ą45,â‚ą80 - â‚ą120,https://dir.indiamart.com/search.mp?ss=kapton+tape+10mm
SWT-BTN-001,Electromechanical,Switches,"12mm Push Button Switch (Latching On/Off)",â‚ą8 - â‚ą12,â‚ą20 - â‚ą30,https://dir.indiamart.com/search.mp?ss=12mm+push+button+latching
SWT-BTN-002,Electromechanical,Switches,"16mm Metal Push Button with LED Ring (12V)",â‚ą60 - â‚ą80,â‚ą150 - â‚ą200,https://dir.indiamart.com/search.mp?ss=16mm+metal+push+button+led
SWT-ROC-001,Electromechanical,Switches,"DPDT Rocker Switch (6 Pin, Heavy Duty)",â‚ą12 - â‚ą18,â‚ą30 - â‚ą45,https://dir.indiamart.com/search.mp?ss=dpdt+rocker+switch+6+pin
SWT-ROT-001,Electromechanical,Switches,"Rotary Switch (3 Pole 4 Position)",â‚ą15 - â‚ą25,â‚ą40 - â‚ą60,https://dir.indiamart.com/search.mp?ss=rotary+switch+3+pole+4+position
RLY-GEN-001,Electromechanical,Relays,"12V 5-Pin SPDT Relay (Sugar Cube type - Pack of 10)",â‚ą60 - â‚ą80,â‚ą150 - â‚ą200,https://dir.indiamart.com/search.mp?ss=12v+relay+sugar+cube
RLY-GEN-002,Electromechanical,Relays,"24V 5-Pin SPDT Relay (Sugar Cube type - Pack of 10)",â‚ą70 - â‚ą90,â‚ą180 - â‚ą220,https://dir.indiamart.com/search.mp?ss=24v+relay+sugar+cube
BAT-CEL-002,Batteries & Power,Li-ion Cells,"18650 Li-ion Battery (BAK/Eve 2500mAh 3C)",â‚ą80 - â‚ą95,â‚ą140 - â‚ą180,https://dir.indiamart.com/search.mp?ss=18650+battery+2500mah
BAT-CEL-003,Batteries & Power,Li-ion Cells,"18650 Li-ion Battery (Scrap/Used for testing)",â‚ą25 - â‚ą35,â‚ą50 - â‚ą80,https://dir.indiamart.com/search.mp?ss=18650+battery+scrap
BAT-CEL-004,Batteries & Power,LiFePO4 Cells,"32650 LiFePO4 Battery (6000mAh for Solar/EV)",â‚ą140 - â‚ą180,â‚ą250 - â‚ą350,https://dir.indiamart.com/search.mp?ss=32650+lifepo4+battery
BAT-BMS-002,Batteries & Power,BMS,"1S 3.7V 3A BMS (For single 18650 cell)",â‚ą12 - â‚ą18,â‚ą30 - â‚ą50,https://dir.indiamart.com/search.mp?ss=1s+bms+board
BAT-BMS-003,Batteries & Power,BMS,"3S 12V 10A/20A BMS (For 12V drill/audio packs)",â‚ą40 - â‚ą60,â‚ą100 - â‚ą150,https://dir.indiamart.com/search.mp?ss=3s+bms+12v
BAT-BMS-004,Batteries & Power,BMS,"4S 12.8V 40A LiFePO4 BMS (For Inverter/Solar)",â‚ą180 - â‚ą240,â‚ą350 - â‚ą500,https://dir.indiamart.com/search.mp?ss=4s+lifepo4+bms+40a
BAT-BMS-005,Batteries & Power,BMS,"7S 24V EV Cycle BMS Board",â‚ą350 - â‚ą450,â‚ą600 - â‚ą800,https://dir.indiamart.com/search.mp?ss=7s+24v+bms
BAT-ACC-001,Batteries & Power,Accessories,"18650 Battery Holder (Single Slot) PCB Mount",â‚ą8 - â‚ą12,â‚ą20 - â‚ą30,https://dir.indiamart.com/search.mp?ss=18650+battery+holder+single
BAT-ACC-002,Batteries & Power,Accessories,"18650 Battery Holder (Dual Slot)",â‚ą15 - â‚ą20,â‚ą35 - â‚ą50,https://dir.indiamart.com/search.mp?ss=18650+battery+holder+dual
BAT-ACC-003,Batteries & Power,Accessories,"18650 Plastic Spacer Brackets (2x2 Pack of 100)",â‚ą60 - â‚ą80,â‚ą150 - â‚ą200,https://dir.indiamart.com/search.mp?ss=18650+spacer+bracket
BAT-ACC-004,Batteries & Power,Accessories,"Nickel Strip Roll 0.15mm x 8mm (1kg Roll)",â‚ą800 - â‚ą1100,â‚ą1500 - â‚ą2000,https://dir.indiamart.com/search.mp?ss=nickel+strip+0.15mm+roll
BAT-ACC-005,Batteries & Power,Accessories,"Battery PVC Heat Shrink Wrap Tube (Assorted widths)",â‚ą150 - â‚ą200 / kg,â‚ą350 - â‚ą500 / kg,https://dir.indiamart.com/search.mp?ss=pvc+heat+shrink+tube+battery
BAT-TOL-001,Batteries & Power,Spot Welding,"100A Spot Welder Control Board (NY-D01)",â‚ą350 - â‚ą450,â‚ą700 - â‚ą900,https://dir.indiamart.com/search.mp?ss=ny-d01+spot+welder+board
BAT-TOL-002,Batteries & Power,Spot Welding,"Spot Welding Pen (Copper Handheld)",â‚ą400 - â‚ą600,â‚ą800 - â‚ą1200,https://dir.indiamart.com/search.mp?ss=spot+welding+pen
APP-MIX-001,Appliance Parts,Mixer Grinder,"Mixer Carbon Brushes (Assorted sizes - Pack of 100)",â‚ą150 - â‚ą200,â‚ą400 - â‚ą600,https://dir.indiamart.com/search.mp?ss=mixer+grinder+carbon+brush
APP-MIX-002,Appliance Parts,Mixer Grinder,"Mixer Motor Coupler (Rubber/Plastic - Pack of 50)",â‚ą100 - â‚ą150,â‚ą300 - â‚ą500,https://dir.indiamart.com/search.mp?ss=mixer+grinder+coupler
APP-MIX-003,Appliance Parts,Mixer Grinder,"Mixer Rotary Switch (3 Speed)",â‚ą25 - â‚ą35,â‚ą60 - â‚ą80,https://dir.indiamart.com/search.mp?ss=mixer+rotary+switch
APP-MIX-004,Appliance Parts,Mixer Grinder,"Mixer Overload Protector Switch (Circuit Breaker)",â‚ą15 - â‚ą20,â‚ą40 - â‚ą60,https://dir.indiamart.com/search.mp?ss=mixer+overload+switch
APP-MIX-005,Appliance Parts,Mixer Grinder,"Mixer Grinder Jar Socket / Base",â‚ą30 - â‚ą45,â‚ą80 - â‚ą120,https://dir.indiamart.com/search.mp?ss=mixer+jar+socket
APP-WSH-001,Appliance Parts,Washing Machine,"Wash Timer (3 Wire / 4 Wire Universal)",â‚ą80 - â‚ą110,â‚ą180 - â‚ą250,https://dir.indiamart.com/search.mp?ss=washing+machine+wash+timer
APP-WSH-002,Appliance Parts,Washing Machine,"Spin Timer (Universal)",â‚ą60 - â‚ą80,â‚ą150 - â‚ą200,https://dir.indiamart.com/search.mp?ss=washing+machine+spin+timer
APP-WSH-003,Appliance Parts,Washing Machine,"Water Inlet Valve (Single / Double)",â‚ą90 - â‚ą130,â‚ą200 - â‚ą300,https://dir.indiamart.com/search.mp?ss=washing+machine+inlet+valve
APP-WSH-004,Appliance Parts,Washing Machine,"Washing Machine Gearbox (Universal / LG / Samsung)",â‚ą350 - â‚ą500,â‚ą800 - â‚ą1200,https://dir.indiamart.com/search.mp?ss=washing+machine+gearbox
APP-WSH-005,Appliance Parts,Washing Machine,"Pulsator / Wash Tray (Assorted Models)",â‚ą150 - â‚ą250,â‚ą350 - â‚ą500,https://dir.indiamart.com/search.mp?ss=washing+machine+pulsator
APP-MIC-001,Appliance Parts,Microwave,"Microwave Magnetron (Universal/LG/Samsung)",â‚ą450 - â‚ą650,â‚ą900 - â‚ą1400,https://dir.indiamart.com/search.mp?ss=microwave+magnetron
APP-MIC-002,Appliance Parts,Microwave,"High Voltage Diode (CL01-12)",â‚ą15 - â‚ą25,â‚ą50 - â‚ą80,https://dir.indiamart.com/search.mp?ss=microwave+high+voltage+diode
APP-MIC-003,Appliance Parts,Microwave,"Microwave High Voltage Fuse (5KV 0.8A)",â‚ą10 - â‚ą15,â‚ą30 - â‚ą50,https://dir.indiamart.com/search.mp?ss=microwave+fuse+5kv
APP-MIC-004,Appliance Parts,Microwave,"Mica Plate Sheet (Universal Cuttable)",â‚ą20 - â‚ą30,â‚ą60 - â‚ą100,https://dir.indiamart.com/search.mp?ss=microwave+mica+plate
APP-FAN-001,Appliance Parts,Fan Parts,"2.50 MFD Fan Capacitor (Pack of 50)",â‚ą500 - â‚ą700,â‚ą1200 - â‚ą1500,https://dir.indiamart.com/search.mp?ss=2.5+mfd+capacitor
APP-FAN-002,Appliance Parts,Fan Parts,"3.15 MFD Fan Capacitor (Pack of 50)",â‚ą600 - â‚ą800,â‚ą1500 - â‚ą1800,https://dir.indiamart.com/search.mp?ss=3.15+mfd+capacitor
APP-FAN-003,Appliance Parts,Fan Parts,"Ceiling Fan Bearing Puller Tool",â‚ą120 - â‚ą180,â‚ą250 - â‚ą400,https://dir.indiamart.com/search.mp?ss=ceiling+fan+bearing+puller
APP-FAN-004,Appliance Parts,Fan Parts,"Ceiling Fan Winding Wire (Copper - 35/36 SWG) 1kg",â‚ą900 - â‚ą1100,â‚ą1300 - â‚ą1600,https://dir.indiamart.com/search.mp?ss=copper+winding+wire+35+swg
CMP-RES-009,Passives,1/4W Resistors,"1 Ohm (1R) 1/4W CF Resistor (Pack of 100)",â‚ą15 - â‚ą20,â‚ą40 - â‚ą50,https://dir.indiamart.com/search.mp?ss=1+ohm+resistor+1/4w
CMP-RES-010,Passives,1/4W Resistors,"22 Ohm (22R) 1/4W CF Resistor (Pack of 100)",â‚ą15 - â‚ą20,â‚ą40 - â‚ą50,https://dir.indiamart.com/search.mp?ss=22+ohm+resistor+1/4w
CMP-RES-011,Passives,1/4W Resistors,"220 Ohm (220R) 1/4W CF Resistor (Pack of 100)",â‚ą15 - â‚ą20,â‚ą40 - â‚ą50,https://dir.indiamart.com/search.mp?ss=220+ohm+resistor
CMP-RES-012,Passives,1/4W Resistors,"330 Ohm (330R) 1/4W CF Resistor (Pack of 100)",â‚ą15 - â‚ą20,â‚ą40 - â‚ą50,https://dir.indiamart.com/search.mp?ss=330+ohm+resistor
CMP-RES-013,Passives,1/4W Resistors,"470 Ohm (470R) 1/4W CF Resistor (Pack of 100)",â‚ą15 - â‚ą20,â‚ą40 - â‚ą50,https://dir.indiamart.com/search.mp?ss=470+ohm+resistor
CMP-RES-014,Passives,1/4W Resistors,"2.2K Ohm 1/4W CF Resistor (Pack of 100)",â‚ą15 - â‚ą20,â‚ą40 - â‚ą50,https://dir.indiamart.com/search.mp?ss=2.2k+ohm+resistor
CMP-RES-015,Passives,1/4W Resistors,"22K Ohm 1/4W CF Resistor (Pack of 100)",â‚ą15 - â‚ą20,â‚ą40 - â‚ą50,https://dir.indiamart.com/search.mp?ss=22k+ohm+resistor
CMP-RES-016,Passives,1/4W Resistors,"47K Ohm 1/4W CF Resistor (Pack of 100)",â‚ą15 - â‚ą20,â‚ą40 - â‚ą50,https://dir.indiamart.com/search.mp?ss=47k+ohm+resistor
CMP-RES-017,Passives,1/4W Resistors,"100K Ohm 1/4W CF Resistor (Pack of 100)",â‚ą15 - â‚ą20,â‚ą40 - â‚ą50,https://dir.indiamart.com/search.mp?ss=100k+ohm+resistor
CMP-RES-018,Passives,1/4W Resistors,"220K Ohm 1/4W CF Resistor (Pack of 100)",â‚ą15 - â‚ą20,â‚ą40 - â‚ą50,https://dir.indiamart.com/search.mp?ss=220k+ohm+resistor
CMP-RES-019,Passives,1/4W Resistors,"470K Ohm 1/4W CF Resistor (Pack of 100)",â‚ą15 - â‚ą20,â‚ą40 - â‚ą50,https://dir.indiamart.com/search.mp?ss=470k+ohm+resistor
CMP-RES-020,Passives,1/4W Resistors,"1M Ohm 1/4W CF Resistor (Pack of 100)",â‚ą15 - â‚ą20,â‚ą40 - â‚ą50,https://dir.indiamart.com/search.mp?ss=1m+ohm+resistor
CMP-RES-021,Passives,1W Resistors,"10 Ohm (10R) 1W Metal Film Resistor (Pack of 50)",â‚ą30 - â‚ą45,â‚ą80 - â‚ą120,https://dir.indiamart.com/search.mp?ss=10+ohm+1w+resistor
CMP-RES-022,Passives,1W Resistors,"100 Ohm (100R) 1W Metal Film Resistor (Pack of 50)",â‚ą30 - â‚ą45,â‚ą80 - â‚ą120,https://dir.indiamart.com/search.mp?ss=100+ohm+1w+resistor
CMP-RES-023,Passives,2W Power Resistors,"0.33 Ohm 2W Wirewound Resistor (Pack of 50)",â‚ą40 - â‚ą60,â‚ą100 - â‚ą120,https://dir.indiamart.com/search.mp?ss=0.33+ohm+2w+resistor
CMP-RES-024,Passives,5W Power Resistors,"10 Ohm 5W Ceramic Wirewound Resistor (Pack of 10)",â‚ą30 - â‚ą40,â‚ą80 - â‚ą100,https://dir.indiamart.com/search.mp?ss=10+ohm+5w+resistor
CMP-CAP-007,Passives,Electrolytic Caps,"1uF 50V Electrolytic Capacitor (Pack of 50)",â‚ą30 - â‚ą45,â‚ą80 - â‚ą100,https://dir.indiamart.com/search.mp?ss=1uf+50v+capacitor
CMP-CAP-008,Passives,Electrolytic Caps,"2.2uF 50V Electrolytic Capacitor (Pack of 50)",â‚ą30 - â‚ą45,â‚ą80 - â‚ą100,https://dir.indiamart.com/search.mp?ss=2.2uf+50v+capacitor
CMP-CAP-009,Passives,Electrolytic Caps,"4.7uF 50V Electrolytic Capacitor (Pack of 50)",â‚ą30 - â‚ą45,â‚ą80 - â‚ą100,https://dir.indiamart.com/search.mp?ss=4.7uf+50v+capacitor
CMP-CAP-010,Passives,Electrolytic Caps,"10uF 50V Electrolytic Capacitor (Pack of 50)",â‚ą35 - â‚ą50,â‚ą80 - â‚ą120,https://dir.indiamart.com/search.mp?ss=10uf+50v+capacitor
CMP-CAP-011,Passives,Electrolytic Caps,"47uF 50V Electrolytic Capacitor (Pack of 50)",â‚ą40 - â‚ą60,â‚ą100 - â‚ą140,https://dir.indiamart.com/search.mp?ss=47uf+50v+capacitor
CMP-CAP-012,Passives,Electrolytic Caps,"100uF 25V Electrolytic Capacitor (Pack of 50)",â‚ą45 - â‚ą65,â‚ą100 - â‚ą150,https://dir.indiamart.com/search.mp?ss=100uf+25v+capacitor
CMP-CAP-013,Passives,Electrolytic Caps,"470uF 25V Electrolytic Capacitor (Pack of 20)",â‚ą30 - â‚ą45,â‚ą80 - â‚ą120,https://dir.indiamart.com/search.mp?ss=470uf+25v+capacitor
CMP-CAP-014,Passives,Electrolytic Caps,"3300uF 25V Electrolytic Capacitor (Pack of 10)",â‚ą40 - â‚ą60,â‚ą100 - â‚ą140,https://dir.indiamart.com/search.mp?ss=3300uf+25v+capacitor
CMP-CAP-015,Passives,Ceramic Caps,"103 (10nF) Ceramic Capacitor (Pack of 100)",â‚ą20 - â‚ą30,â‚ą50 - â‚ą80,https://dir.indiamart.com/search.mp?ss=103+ceramic+capacitor
CMP-CAP-016,Passives,Ceramic Caps,"104 (0.1uF) Ceramic Capacitor (Pack of 100)",â‚ą20 - â‚ą30,â‚ą50 - â‚ą80,https://dir.indiamart.com/search.mp?ss=104+ceramic+capacitor
CMP-CAP-017,Passives,Polyester Caps,"224 (0.22uF) 100V Polyester Film Cap (Pack of 50)",â‚ą40 - â‚ą50,â‚ą100 - â‚ą120,https://dir.indiamart.com/search.mp?ss=224+polyester+capacitor
CMP-SEM-013,Semiconductors,Rectifier Diodes,"1N4007 Rectifier Diode 1A 1000V (Pack of 100)",â‚ą30 - â‚ą45,â‚ą80 - â‚ą120,https://dir.indiamart.com/search.mp?ss=1n4007+diode
CMP-SEM-014,Semiconductors,Rectifier Diodes,"1N5408 Rectifier Diode 3A 1000V (Pack of 100)",â‚ą60 - â‚ą80,â‚ą150 - â‚ą200,https://dir.indiamart.com/search.mp?ss=1n5408+diode
CMP-SEM-015,Semiconductors,Rectifier Diodes,"6A10 Rectifier Diode 6A 1000V (Pack of 50)",â‚ą80 - â‚ą120,â‚ą200 - â‚ą250,https://dir.indiamart.com/search.mp?ss=6a10+diode
CMP-SEM-016,Semiconductors,Fast/Schottky Diodes,"1N4148 Fast Switching Diode (Pack of 100)",â‚ą25 - â‚ą35,â‚ą60 - â‚ą100,https://dir.indiamart.com/search.mp?ss=1n4148+diode
CMP-SEM-017,Semiconductors,Fast/Schottky Diodes,"1N5819 Schottky Diode 1A 40V (Pack of 50)",â‚ą40 - â‚ą60,â‚ą100 - â‚ą140,https://dir.indiamart.com/search.mp?ss=1n5819+diode
CMP-SEM-018,Semiconductors,Zener Diodes,"3.3V 1/2W Zener Diode (Pack of 50)",â‚ą25 - â‚ą40,â‚ą80 - â‚ą120,https://dir.indiamart.com/search.mp?ss=3.3v+zener+diode
CMP-SEM-019,Semiconductors,Zener Diodes,"4.7V 1/2W Zener Diode (Pack of 50)",â‚ą25 - â‚ą40,â‚ą80 - â‚ą120,https://dir.indiamart.com/search.mp?ss=4.7v+zener+diode
CMP-SEM-020,Semiconductors,Zener Diodes,"5.1V 1/2W Zener Diode (Pack of 50)",â‚ą25 - â‚ą40,â‚ą80 - â‚ą120,https://dir.indiamart.com/search.mp?ss=5.1v+zener+diode
CMP-SEM-021,Semiconductors,Zener Diodes,"12V 1/2W Zener Diode (Pack of 50)",â‚ą25 - â‚ą40,â‚ą80 - â‚ą120,https://dir.indiamart.com/search.mp?ss=12v+zener+diode
CMP-SEM-022,Semiconductors,Bridge Rectifiers,"W04M 1.5A Bridge Rectifier DIP (Pack of 10)",â‚ą30 - â‚ą45,â‚ą80 - â‚ą120,https://dir.indiamart.com/search.mp?ss=w04m+bridge+rectifier
CMP-SEM-023,Semiconductors,Bridge Rectifiers,"KBPC3510 35A 1000V Metal Bridge Rectifier (1 pc)",â‚ą40 - â‚ą60,â‚ą100 - â‚ą150,https://dir.indiamart.com/search.mp?ss=kbpc3510+bridge+rectifier
CMP-SEM-024,Semiconductors,Transistors,"BC548 NPN General Purpose (Pack of 100)",â‚ą40 - â‚ą60,â‚ą100 - â‚ą120,https://dir.indiamart.com/search.mp?ss=bc548+transistor
CMP-SEM-025,Semiconductors,Transistors,"2N2222 NPN Switching Transistor (Pack of 50)",â‚ą35 - â‚ą50,â‚ą80 - â‚ą120,https://dir.indiamart.com/search.mp?ss=2n2222+transistor
CMP-SEM-026,Semiconductors,Transistors,"BD139 NPN Power Transistor (Pack of 10)",â‚ą40 - â‚ą60,â‚ą100 - â‚ą140,https://dir.indiamart.com/search.mp?ss=bd139+transistor
CMP-SEM-027,Semiconductors,Transistors,"BD140 PNP Power Transistor (Pack of 10)",â‚ą40 - â‚ą60,â‚ą100 - â‚ą140,https://dir.indiamart.com/search.mp?ss=bd140+transistor
CMP-SEM-028,Semiconductors,Transistors,"TIP122 NPN Darlington Transistor (Pack of 10)",â‚ą60 - â‚ą80,â‚ą150 - â‚ą200,https://dir.indiamart.com/search.mp?ss=tip122+transistor
CMP-SEM-029,Semiconductors,MOSFETs,"IRF540N N-Channel Power MOSFET (Pack of 10)",â‚ą100 - â‚ą130,â‚ą220 - â‚ą280,https://dir.indiamart.com/search.mp?ss=irf540n+mosfet
CMP-SEM-030,Semiconductors,MOSFETs,"IRF3205 N-Channel Power MOSFET (Pack of 10)",â‚ą140 - â‚ą180,â‚ą300 - â‚ą380,https://dir.indiamart.com/search.mp?ss=irf3205+mosfet
CMP-SEM-031,Semiconductors,MOSFETs,"IRFP460 N-Channel Power MOSFET (Pack of 5)",â‚ą120 - â‚ą160,â‚ą250 - â‚ą350,https://dir.indiamart.com/search.mp?ss=irfp460+mosfet
CMP-SEM-032,Semiconductors,Voltage Regulators,"7809 9V Voltage Regulator (Pack of 20)",â‚ą80 - â‚ą110,â‚ą200 - â‚ą250,https://dir.indiamart.com/search.mp?ss=7809+voltage+regulator
CMP-SEM-033,Semiconductors,Voltage Regulators,"7824 24V Voltage Regulator (Pack of 20)",â‚ą90 - â‚ą120,â‚ą200 - â‚ą250,https://dir.indiamart.com/search.mp?ss=7824+voltage+regulator
CMP-SEM-034,Semiconductors,Voltage Regulators,"LM317T Adjustable Voltage Regulator (Pack of 10)",â‚ą60 - â‚ą80,â‚ą150 - â‚ą200,https://dir.indiamart.com/search.mp?ss=lm317t+regulator
CMP-SEM-035,Semiconductors,Linear ICs,"LM324 Quad Op-Amp IC (Pack of 10)",â‚ą30 - â‚ą45,â‚ą80 - â‚ą120,https://dir.indiamart.com/search.mp?ss=lm324+ic
CMP-SEM-036,Semiconductors,Linear ICs,"LM339 Quad Comparator IC (Pack of 10)",â‚ą30 - â‚ą45,â‚ą80 - â‚ą120,https://dir.indiamart.com/search.mp?ss=lm339+ic
CMP-SEM-037,Semiconductors,Audio ICs,"LM386 Low Voltage Audio Amp IC (Pack of 10)",â‚ą40 - â‚ą60,â‚ą100 - â‚ą140,https://dir.indiamart.com/search.mp?ss=lm386+ic
CMP-SEM-038,Semiconductors,Audio ICs,"TDA7294 100V Audio Amplifier IC (1 pc)",â‚ą60 - â‚ą90,â‚ą150 - â‚ą200,https://dir.indiamart.com/search.mp?ss=tda7294+ic
CMP-SEM-039,Semiconductors,Audio ICs,"LA4440 Stereo Audio Amplifier IC (Pack of 5)",â‚ą100 - â‚ą140,â‚ą220 - â‚ą300,https://dir.indiamart.com/search.mp?ss=la4440+ic
HDW-FST-001,Hardware & Fasteners,Screws,"M3 x 10mm Philips Head Machine Screws (Pack of 1000)",â‚ą150 - â‚ą200,â‚ą300 - â‚ą400,https://dir.indiamart.com/search.mp?ss=m3+machine+screws+1000
HDW-FST-002,Hardware & Fasteners,Screws,"M4 x 15mm Philips Head Machine Screws (Pack of 1000)",â‚ą200 - â‚ą250,â‚ą400 - â‚ą500,https://dir.indiamart.com/search.mp?ss=m4+machine+screws+1000
HDW-FST-003,Hardware & Fasteners,Screws,"Black Wood Screws 3/4 inch for Speaker Cabinets (Pack of 1000)",â‚ą180 - â‚ą220,â‚ą350 - â‚ą450,https://dir.indiamart.com/search.mp?ss=black+wood+screws+3/4
HDW-FST-004,Hardware & Fasteners,Nuts,"M3 Hex Nuts Zinc Plated (Pack of 1000)",â‚ą80 - â‚ą120,â‚ą200 - â‚ą300,https://dir.indiamart.com/search.mp?ss=m3+hex+nuts+1000
HDW-FST-005,Hardware & Fasteners,Nuts,"M4 Hex Nuts Zinc Plated (Pack of 1000)",â‚ą100 - â‚ą140,â‚ą250 - â‚ą350,https://dir.indiamart.com/search.mp?ss=m4+hex+nuts+1000
HDW-FST-006,Hardware & Fasteners,Washers,"M3 Steel Flat Washers (Pack of 1000)",â‚ą60 - â‚ą80,â‚ą150 - â‚ą200,https://dir.indiamart.com/search.mp?ss=m3+flat+washers
HDW-CBL-001,Hardware & Fasteners,Zip Ties,"4 Inch Nylon Zip Ties / Cable Ties Black (Pack of 100)",â‚ą15 - â‚ą20,â‚ą35 - â‚ą50,https://dir.indiamart.com/search.mp?ss=4+inch+zip+ties
HDW-CBL-002,Hardware & Fasteners,Zip Ties,"8 Inch Nylon Zip Ties / Cable Ties Black (Pack of 100)",â‚ą30 - â‚ą45,â‚ą80 - â‚ą120,https://dir.indiamart.com/search.mp?ss=8+inch+zip+ties
HDW-CBL-003,Hardware & Fasteners,Clips,"6mm Nail-in Cable Clips (Pack of 100)",â‚ą15 - â‚ą25,â‚ą40 - â‚ą60,https://dir.indiamart.com/search.mp?ss=6mm+cable+clips
HDW-TRM-001,Hardware & Fasteners,Lugs,"Ring Type Copper Thimble/Lug (2.5 sq mm - Pack of 100)",â‚ą40 - â‚ą60,â‚ą100 - â‚ą150,https://dir.indiamart.com/search.mp?ss=copper+ring+lug+2.5
HDW-TRM-002,Hardware & Fasteners,Lugs,"Ring Type Copper Thimble/Lug (4.0 sq mm - Pack of 100)",â‚ą60 - â‚ą80,â‚ą150 - â‚ą200,https://dir.indiamart.com/search.mp?ss=copper+ring+lug+4.0
HDW-TRM-003,Hardware & Fasteners,Lugs,"Insulated Fork Terminal Lugs (Red/Blue - Pack of 100)",â‚ą50 - â‚ą70,â‚ą120 - â‚ą180,https://dir.indiamart.com/search.mp?ss=insulated+fork+terminal
HDW-TRM-004,Hardware & Fasteners,Lugs,"Female Disconnect Spade Connectors / Thimbles (Pack of 100)",â‚ą60 - â‚ą80,â‚ą150 - â‚ą200,https://dir.indiamart.com/search.mp?ss=female+spade+connector
HDW-ADH-001,Hardware & Fasteners,Adhesives,"Hot Melt Glue Sticks 11mm (1 Kg Pack)",â‚ą250 - â‚ą300,â‚ą450 - â‚ą600,https://dir.indiamart.com/search.mp?ss=hot+melt+glue+sticks+1kg
HDW-ADH-002,Hardware & Fasteners,Adhesives,"Fevibond / Rubber Adhesive Tube (50ml - Pack of 10)",â‚ą200 - â‚ą250,â‚ą350 - â‚ą450,https://dir.indiamart.com/search.mp?ss=fevibond+adhesive
HDW-ADH-003,Hardware & Fasteners,Adhesives,"Araldite Standard Epoxy Resin (90g Pack)",â‚ą80 - â‚ą100,â‚ą130 - â‚ą160,https://dir.indiamart.com/search.mp?ss=araldite+standard
HDW-ADH-004,Hardware & Fasteners,Adhesives,"Cyanoacrylate Instant Adhesive (Super Glue 20g - Pack of 5)",â‚ą80 - â‚ą120,â‚ą200 - â‚ą250,https://dir.indiamart.com/search.mp?ss=cyanoacrylate+adhesive+20g
HDW-ADH-005,Hardware & Fasteners,Thermal,"Heatsink Compound / Thermal Paste (100g Jar)",â‚ą60 - â‚ą80,â‚ą150 - â‚ą200,https://dir.indiamart.com/search.mp?ss=thermal+paste+100g
HDW-ADH-006,Hardware & Fasteners,Tape,"Black PVC Electrical Insulation Tape (Pack of 30 Rolls)",â‚ą200 - â‚ą250,â‚ą400 - â‚ą600,https://dir.indiamart.com/search.mp?ss=pvc+insulation+tape+roll
HDW-ADH-007,Hardware & Fasteners,Tape,"Double Sided Foam Tape (1 inch width, 10m roll)",â‚ą30 - â‚ą45,â‚ą80 - â‚ą120,https://dir.indiamart.com/search.mp?ss=double+sided+foam+tape